Language,GitURL,GitRef,BuildTool,BuildStatus,FileCount,LinesofCode,PackageCount,DependencyCount,QuickScanDuration,FullScanDuration,TotalCPUCores,TotalMemory
python,https://github.com/Boulevardm109R/Api_HW,0d8a938a5e38dec90df2770c478e546154a2bac2,pip,pass,638,162252,1,7,27,128,8,31
python,https://github.com/azmyar/shopping_list,656430c2e10b3800a9bb14b3cd4da5e83fb1c9e2,pip,pass,641,162397,1,17,26,124,8,31
python,https://github.com/alifbintang1/shopping-list,f4c309554f24a3837694f66a6d5c94661c6006a2,pip,pass,641,162401,1,17,25,125,8,31
python,https://github.com/appseed-projects3/a98beae6-d0c9-4fdc-bd68-0e1fb1563aeb,df9049a8ed34648cc2fea1411a7e5d2e4876c7c4,pip,pass,629,162372,1,37,25,127,8,31
python,https://github.com/KedArch/inz,7ef4c9982c4e2ffb3f7aa90c08161b92323e5a36,pip,pass,624,162604,1,16,19,113,8,31
python,https://github.com/renasboy/crypto-trader-bot,f70c837fe72038f684e266866f304ebc1db74ae3,pip,pass,634,195600,1,21,20,119,8,31
python,https://github.com/MrFrangipane/talentduchillapp,079c8bf969d0f077d4cf7d1455b5bc084cb381a4,pip,pass,647,162343,1,12,24,128,8,31
python,https://github.com/khalidekhbo/NamazRSS,e5038252c75dbc846dada2ba248cc3536f60ff73,pip,pass,624,162090,1,5,18,109,8,31
python,https://github.com/Gstarmix/Divers-Bot-Discord,ecc1e43d511cca6bd0c3553d9d66975bbfb66d1d,pip,pass,639,163098,1,10,19,114,8,31
python,https://github.com/KCL-SEG/things-1-ibzahmed03,de80defb75693bfe49092aa9ee071a94feb13a12,pip,pass,630,162211,1,4,26,122,8,31
python,https://github.com/ly-temp/hk-special-traffic-news,ab1a347c456d985ecfe51a9892b44354f541e85f,pip,pass,623,162147,1,4,21,109,8,31
python,https://github.com/MajidRaimi/tourism-activity-suggestion,7808162993dfb6c334388f8acda53d78b10a1f56,pip,pass,624,162066,1,46,35,180,8,31
python,https://github.com/ymetz/rlhfblender,c8151f260f926a9c56acc4635d1013cf6f262e30,pip,pass,669,167150,2,128,127,301,8,31
python,https://github.com/patricktrainer/entergy-outages,9262cb20a9a2a6b6f3675ddd112e2130265dece4,pip,pass,625,162103,1,16,23,116,8,31
python,https://github.com/itzlayz/Linto,ea71c12ca237db66e3c892450c1f85300d152e5e,pip,pass,637,162461,1,14,18,116,8,31
python,https://github.com/acmaldonado/690K-Final,7382df49c3b9dc5e1714e579076937a5ae07beac,pip,pass,627,162092,1,16,37,140,8,31
python,https://github.com/monoidic/TLDR2,1efa060fcc8ef8666d1ed2c4632c523d2bceef12,pip,pass,623,162286,1,10,20,116,8,31
python,https://github.com/philrod1/hw-python,e4ccd9ee9f27a221b78a7393282b87821e54d74b,pip,pass,641,162394,1,18,21,113,8,31
python,https://github.com/micferna/vm-proxmox,0ed23efe9c7808e47eaa3935ba17ec48a980b327,pip,pass,623,162290,1,19,20,116,8,31
python,https://github.com/FAIRmat-NFDI/nomad-measurements,8326872c40ec41cdbd4e5ca82ae40aa4abd47b86,pip,pass,634,163593,1,108,107,708,8,31
python,https://github.com/mill413/yolo,3dd5e8e975354605ba579e139ece24fbc8d8e686,pip,pass,742,177612,1,52,83,485,8,31
python,https://github.com/arnelglez/restframework_api_paginate,287388acb981eacff41d239cdda3a1ceb939aaff,pip,pass,625,162346,1,16,28,128,8,31
python,https://github.com/sphinx-toolbox/default_values,76b3a044512a49d421d2d8376158527c5934cefd,pip,pass,633,162756,3,102,59,1854,8,31
python,https://github.com/FINNGEN/LOFanalysis,458307783773d6ad812da74f7204a9e2ec79e394,pip,pass,625,162420,1,21,37,136,8,31
python,https://github.com/talonx/classicalbot,7bd5b0caf6a11a590a9e91b40ecc669880d820a3,pip,pass,623,162091,1,35,21,118,8,31
python,https://github.com/asi-uniovi/conlloovia,6b6066c8732c043c6b42311a0ded12da702d8c80,pip,pass,640,164237,1,14,19,123,8,31
python,https://github.com/cloudspaceacademy/Flask-Calculator-app,37e30b84ab638513b19f646cf0fdb06a68510326,pip,pass,623,162053,1,7,18,112,8,31
python,https://github.com/farrelsheva/shopping_list,08427ba3ab31af07658c736993668fe33f6f7159,pip,pass,641,162397,1,17,26,126,8,31
python,https://github.com/ffatihzain/shopping-list,9ba837145804f2d7210e9770642f9f742e416a4b,pip,pass,636,162320,1,17,27,124,8,31
python,https://github.com/Boonkeat808/streamlit01_66056049,abf5295d43df4ce2d138accaf01b485bffc82b9d,pip,pass,624,162139,1,62,89,463,8,31
python,https://github.com/prahladyeri/distroverify,5bae2bd0012a472606b612f2dd82917c35011e5d,pip,pass,627,162330,1,6,17,110,8,31
python,https://github.com/thanhhung270502/phishing-url-model,ce2f8403a2e11cec4500d1518e7184b751394fc8,pip,pass,624,162141,1,18,30,138,8,31
python,https://github.com/ArbabSabir/MyeasyGoal_API,c3ce3d52336d6a2c7c1be41e95e2e2de779549ca,pip,pass,647,162497,1,68,61,164,8,31
python,https://github.com/filyp/hajcak_stroop_replication,c5b1a21c83be0ef18faaab5677f9fd90b8b8d62a,pip,pass,628,162476,1,9,27,129,8,31
python,https://github.com/dbvis-ukon/coronavis,a3c2742cbc8e6f4b2e398c6c02b0a1845500714f,pip,pass,711,166936,3,143,89,524,8,31
python,https://github.com/AntaresSimulatorTeam/SimTest,d0e0e2fe8d2854f2101088ab37f63797143ade8d,pip,pass,625,162166,1,14,27,123,8,31
python,https://github.com/Deltekk/VivereQR,52960cb3728543e3fd97f1da7db88a0302b237a7,pip,pass,624,162100,1,14,22,114,8,31
python,https://github.com/HsiangNianian/HsiangNianian,17b36aa98b6c32a8f19b81bafcde70a24747e0be,pip,pass,623,162229,1,21,20,116,8,31
python,https://github.com/cheginit/cheginit,67212bc9edf7432c250d9ee6ce0f0d5a304d4de0,pip,pass,623,162052,1,8,19,110,8,31
python,https://github.com/maxirozay/faceswap,54aa170def0391c41f80cf400b936a07c86ed1a1,pip,pass,625,162200,1,123,114,273,8,31
python,https://github.com/ravneetsh/housing-portal,5e0e02d4ff420cf30bff69734cd25516f5919dd5,pip,pass,645,162433,1,3,26,125,8,31
python,https://github.com/infrastructureclub/vessel-notifier,bc515a385520b8f3f24d1bc8d6f5977d3f559ba8,pip,pass,625,162469,1,6,19,109,8,31
python,https://github.com/Expertest86/mistcraft_playerlist_logger,e72fedbbd9b4ebff05094d641e806615c470020d,pip,pass,623,162065,1,5,17,110,8,31
python,https://github.com/Bennm23/f5new,f5adb226f3a8f4fb57ab95f00801c43306be7c4a,pip,pass,665,163034,1,11,36,161,8,31
python,https://github.com/parthsarthiprasad/parthsarthiprasad,8a5d655ef749e715df813b0e527e3b3f6f33d079,pip,pass,624,162357,1,12,23,112,8,31
python,https://github.com/SnailDev/toutiao-hot-hub,b6bc29de38f60d43d6700ef69939169b8eac8cb0,pip,pass,625,162155,1,5,23,116,8,31
python,https://github.com/Ngoe333/Automates-Python,c3536e5e6450a7162c94fd897337b20f6142b7db,pip,pass,623,162056,1,5,18,107,8,31
python,https://github.com/lonnyzhang423/douyin-hot-hub,b29ae14b55585339a34576d47dd9ebf2c4c4a187,pip,pass,625,162386,1,5,50,142,8,31
python,https://github.com/PennyLaneAI/pennylane,280a16221142308015c0070113b3b746422173fc,pip,pass,1430,399710,2,113,165,744,8,31
python,https://github.com/kh5402/makeRSS_TVer,7e241afffe8d5eafd328beab3a6c3f31d518818c,pip,pass,623,162132,1,15,20,114,8,31
python,https://github.com/papimarcis/api_inventario,e8abdeb10d325b5b8b1840586f738bdddc664d26,pip,pass,633,162167,1,6,25,123,8,31
python,https://github.com/janonden/bing-wallpaper,fd9a38d6d4a40becb030b8e680217dd0297b058e,pip,pass,623,162163,1,5,19,112,8,31
python,https://github.com/Giovani-Costa/discord_bot,2a5d907c53de4ceb12d18d9fd5279c3a129c2414,pip,pass,625,162302,1,10,19,116,8,31
python,https://github.com/naugsss/watchguard_daily_task_Aaryan,cd7f17f075a4196640e42c2e6dc4bcb6c558d3fe,pip,pass,932,189214,4,58,115,546,8,31
python,https://github.com/howie6879/weekly,77d921385ee58ec3cd0f0bcf2e13da7ffa80c4f7,pip,pass,636,162545,1,34,45,145,8,31
python,https://github.com/carlospolop/BotPEASS,dac114ac8343cf946b4dedcac6953423c6c807cc,pip,pass,623,162269,1,19,19,116,8,31
python,https://github.com/dpage/cosmic,2191dd9fb0f565d36a334a028c1cfc2fa8009207,pip,pass,624,162203,1,3,19,117,8,31
python,https://github.com/Packer-Lab/imagingplus,d4a2236d258b03937ccaa20f449d49d0bb2a2312,pip,pass,676,169188,2,136,123,279,8,31
python,https://github.com/ztorchan/github-stats,b61b828e9124b3d9d815ed59b985621306d15dec,pip,pass,624,162414,1,12,17,112,8,31
python,https://github.com/Dev-SalamSheikh/Git-Stats,e3c52601ede56f0d9f388d0a884826a87a2b6a9b,pip,pass,633,163151,1,12,22,112,8,31
python,https://github.com/Championsh/LLM,1e64c70b6ab6595325565738bc736044a01028e8,pip,pass,629,162377,1,92,101,720,8,31
python,https://github.com/ickc/python-pmpm,a3a4a702a5bcd0932e392906b9dd1578c95a874f,pip,pass,631,162963,2,61,88,227,8,31
python,https://github.com/feller2021/weibo_topic_wechat_push,cf7596b66f2e10a01d2076efe958bf943a1e9f12,pip,pass,630,162534,1,14,30,126,8,31
python,https://github.com/siner308/srt-ticket-occupant,2af4a7526376b272705022df5856e8de468a4db9,pip,pass,626,162194,1,9,18,109,8,31
python,https://github.com/Yeghishe-Arakelyan/UpTrader_Test,9d5e17ab7381c837593681789fdb23385bbf684c,pip,pass,635,162205,1,6,26,125,8,31
python,https://github.com/iwizard7/webhook_listener,4a55e0b3dfba2f6a00d0f607897dc53ad34378aa,pip,pass,623,162042,1,7,18,111,8,31
python,https://github.com/lontonggg/shopping-list,e9fb6ff14cd04117fa4023e002f8229970a892f7,pip,pass,641,162398,1,17,25,126,8,31
python,https://github.com/zhavlon-khamidov/healet,b226163c9f926f4be4fa8b660322e24b9af77379,pip,pass,633,162138,1,4,25,122,8,31
python,https://github.com/Saras355/shopping_list,44c4d2a69f4011096cbc08ffa21b42e473b80957,pip,pass,641,162411,1,17,26,126,8,31
python,https://github.com/minitorch/minitorch-module-4-LvjianLu,70c7cff0cac68fa616d213bfa7154c790d809d4e,pip,pass,665,166631,1,30,31,148,8,31
python,https://github.com/DamsSifma/animalerie-pokemon,3e5f341225987074dfb4dd94211c8d8df96502e6,pip,pass,636,162277,1,4,28,125,8,31
python,https://github.com/raissaputi/shopping-list,e0bc34d0f77a6e3e7a2b441a58541f15057014a0,pip,pass,641,162401,1,17,26,125,8,31
python,https://github.com/doctormin/satellite-track,219b1b2f03c81b1c44b2a0fc906b07a658fed868,pip,pass,623,162074,1,14,30,122,8,31
python,https://github.com/aau-claaudia/whisper-trans,4d02d3f099f55882656e60f46a93ed9f4b9d83f5,pip,pass,632,162536,1,36,71,339,8,31
python,https://github.com/gabriellongou/streamlit-dbt-writeback,c4db653e3823c5cde7371bf3763588cf6a74bf47,pip,pass,624,162145,1,103,91,403,8,31
python,https://github.com/ivo-blohm/SharkyApp,3979b018901788effabdbc2ba2bf148a8dde6579,pip,pass,623,162095,1,20,38,199,8,31
python,https://github.com/ssanchezromer/supers,d66030efa8d9a7f853174cbeb77091d39f712034,pip,pass,631,162947,1,48,25,128,8,31
python,https://github.com/multitel-ai/nsw-da-object-detection,2aa3826086ed588df6d4849653d98f140493a123,pip,pass,764,179444,2,235,211,867,8,31
python,https://github.com/k-iseri/openai_sample,40c8e0289f6dc02ed0e797f096dc348a9fc20a01,pip,pass,625,162165,1,20,24,118,8,31
python,https://github.com/Futura-Py/weather,f63dd8663812a464de35eb58dd23f15dfb1d3263,pip,pass,626,162504,1,22,22,117,8,31
python,https://github.com/15554041980/chatgpt3.5,575fda038a99d7611484b0bcf74ee7d0770a4883,pip,pass,736,173015,1,35,22,128,8,31
python,https://github.com/Soura10/langchain_search_engg,23bd82f7d56b33f29c5431c79feab17ca44137f0,pip,pass,625,162081,1,70,44,229,8,31
python,https://github.com/amanbarar/bpf-internship-assignment,24f31cf4f2ee6241a807ac950fb861a774217a28,pip,pass,627,162124,1,5,26,123,8,31
python,https://github.com/kaiicheng/MiniTorch,5ae6aed52500d78cee37aa40f0b9a9ea23483071,pip,pass,692,169970,1,30,31,146,8,31
python,https://github.com/kidata-summer-2023/rush-hour,e5602c4fd91bae7570c52e94b2efbc731cc09575,pip,pass,626,162353,1,24,26,133,8,31
python,https://github.com/oscarwyyy/project-3,3d81b769ca7c6af75a1bb5865c02d7b735ffc852,pip,pass,623,162095,1,17,67,171,8,31
python,https://github.com/paritosh1505/DataScienceFrameWork,21d563ff5638fd2b1bfe4e76703c15289d0c178b,pip,pass,626,162076,1,25,82,207,8,31
python,https://github.com/Noah-kang/No_ahsack,51ab17cfdcec021815247be3bdeea232701dcc31,pip,pass,650,162736,1,5,26,125,8,31
python,https://github.com/Fwhirlwind/chatgpt-on-wechat,822c1fdeadff0fbeab4a0c142b988d65591eb857,pip,pass,736,173015,1,36,21,127,8,31
python,https://github.com/universuen/traffic_jam,9eac15d8b0ac58175b9257567e99f39e1823d35d,pip,pass,637,162759,1,12,23,129,8,31
python,https://github.com/alonso9904/cards-fast-api,b84a41f1c029a776db38ee08b781c24a018f72c6,pip,pass,623,162039,1,19,19,115,8,31
python,https://github.com/zachcass/FinalYearPro,a7d7b69d6c70f2a93d9cc9a3bf9f20651fb13191,pip,pass,623,162059,1,50,61,224,8,31
python,https://github.com/IAmJafeth/RoomEase,5894676d818f02941780adac22c5d39ee83eddd2,pip,pass,661,162787,1,21,29,134,8,31
python,https://github.com/DiegoLopez2549/Curso-FastAPI,abf8448b0a9c4465704a3a7d96a84c8803f25c13,pip,pass,623,162098,1,14,18,113,8,31
python,https://github.com/lekstillgot/stillgottitanic,974651e1b775d05b06f5cce2c1565322fab09dc5,pip,pass,623,162056,1,6,28,131,8,31
python,https://github.com/rungpunto/streamlitmlghb,8e10ec7953c7bf31bc438c136795471c200889e1,pip,pass,623,162054,1,6,27,131,8,31
python,https://github.com/yaronetokayer/dmprofiles,3f9f46b18fce0a075b85827d4f03e4c0ce168b34,pip,pass,631,162887,1,10,30,152,8,31
python,https://github.com/AsherEam/CatsVsDogs,249f9eede61603b6792326547ef62632ec512bf2,pip,pass,623,162054,1,103,98,174,8,31
python,https://github.com/KendallJohnson3092/snowflake_project,55aef9a9f7a3eb112cc598a294d209a141bb31bf,pip,pass,623,162072,1,19,21,116,8,31
python,https://github.com/hpcaitech/ColossalAI-Platform-CLI,e8caf50492a1ffc554e5c1ecdf48db004a80322b,pip,pass,659,163215,3,32,51,379,8,31
python,https://github.com/Egor4955/1.2-requests-templates,057beca86034fec5c890a67757b7ed839eaaed1d,pip,pass,640,162293,2,4,40,235,8,31
python,https://github.com/RohanGudla/Cinemoody-Scene-Sentiment-Analysis,665cfc83f5e2701e44c85d2c17c4231793a82d4e,pip,pass,629,162380,1,9,19,112,8,31
python,https://github.com/mkwkomorowski/blogging_for_humans3,8acd24b2de503b1cf555d712dedf56f1699943ba,pip,pass,633,162322,1,7,32,128,8,31
python,https://github.com/Vikkktorrria/text_sentiment_analysis,d07d8ce3efd83668df2e2e23842da577158cf37b,pip,pass,631,162370,1,7,19,110,8,31
python,https://github.com/zjubrandy/gpt,70c52ac01f008dfe92bcf2aceca32c156054ceb7,pip,pass,629,162248,2,169,35,185,8,31
python,https://github.com/zhangyufeng0123/crawler,83b39a6f590e4a9b2664da7c7de8c27b145aaf92,pip,pass,623,162066,1,27,18,108,8,31
python,https://github.com/knno/3lm,8e33017171795949bf27ce40e82f3227f87827b1,pip,pass,645,165810,1,25,23,129,8,31
python,https://github.com/zekun-li/dpr_with_geolm,130a32fd56a36115a44b07cdf49df6277f606456,pip,pass,646,168202,1,69,81,417,8,31
python,https://github.com/MediGenie/inferenceserver,ac14c7e0f430a00874bb5ac131a071fb3ac4d964,pip,pass,639,162775,3,70,90,427,8,31
python,https://github.com/Okibaba/tutorials_workflow_demo,7583e44db6a3797c6da3a6831515a52db85b42d2,pip,pass,641,162371,1,16,30,132,8,31
python,https://github.com/TaylorChyi/FlappyBird,9aa0d27dc704f1ab25bd4cd6e58c5c090571a5f5,pip,pass,640,162687,1,15,26,135,8,31
python,https://github.com/ayuk007/ALL_Data_Management,ab5474024815ccde14916359d4fcc56cce637041,pip,pass,624,162086,1,16,21,117,8,31
python,https://github.com/sirjuns/techtrends,8c69264e95b7d4567b53434ba605f691fb5bec71,pip,pass,624,162157,1,7,19,115,8,31
python,https://github.com/Okemwag/Apextech,735439af79c42fefd86c95275e37a634b9182210,pip,pass,639,162258,1,26,34,136,8,31
python,https://github.com/gilbertk27/test-api-vercel,fa6122a951696644a6b24cefef658c32bbfa20c7,pip,pass,623,162074,1,16,20,116,8,31
python,https://github.com/dubhunter/material-filesystem,2edc1b9d6bc1fd451551bb6f3839b218ff7d15d3,pip,pass,632,162993,1,5,18,111,8,31
python,https://github.com/lewoudar/ws,df5b1b3a9428778485b9ce8e829f17f1981a738b,pip,pass,666,164744,10,220,46,146,8,31
python,https://github.com/samuelburbulla/trafo-pinn,7f7015f9ebbe5e7a8ab314a06819b666db94a4d5,pip,pass,627,162355,1,43,76,344,8,31
python,https://github.com/wang422403/chatgpt-on-wechat2,b72b1dc32081806b2069d44944575d6d5d0ebf18,pip,pass,739,173414,1,36,22,129,8,31
python,https://github.com/Alexandra-SR/Cloud-Proyecto,c5381411f4d2e68f2cd281cb631f642cdf287a0b,pip,pass,626,162136,3,33,48,349,8,31
python,https://github.com/hongantran3804/Resume,de8fa710da533a2208d630953ebdf38e28b280ca,pip,pass,624,162095,1,61,88,215,8,31
python,https://github.com/aidandenlinger/Manga-Spread-Stitcher,c78b93b272266e78ad6b4a036058ecaeb78d5361,pip,pass,623,162317,1,1,19,112,8,31
python,https://github.com/MrNomid/khabarovsk-remezov,30fd23a2865205164a91ba05038f13e080597807,pip,pass,625,162238,1,4,26,123,8,31
python,https://github.com/navnit3366/TFG-CVSP-solver-master,c5647a0b9b6c27e20826afe3149d291dfdc96da0,pip,pass,630,163179,1,23,40,185,8,31
python,https://github.com/flora0110/Elasticsearch_test,5a629728c731bd7ad9602f2b97907258a32fdb86,pip,pass,623,162068,1,12,21,113,8,31
python,https://github.com/redeian/MSTeamsCleanGrade,191264abc707fff9a4ac4f42aa2c895859766218,pip,pass,625,162102,1,48,35,185,8,31
python,https://github.com/llcc01/python_hibot_b_library,916ddeb9181ccae78f17fdc5a7afa69577650370,pip,pass,627,162871,1,2,16,108,8,31
python,https://github.com/mldmort/snoopSV,bd758429f47cd41c8c26a4c2ee7aac318803ac17,pip,pass,633,163768,1,14,28,152,8,31
python,https://github.com/Skaronator/devops-toolbox,f1812478ec604f0c672835b2d376fd2e66739c2b,pip,pass,626,162109,1,6,17,108,8,31
python,https://github.com/KCL-RIE/Python-Workshop,9c5d1bdfa11f4f9684d10fbabba5f0121a522ffe,pip,pass,632,162301,1,1,16,111,8,31
python,https://github.com/syncom/twitbot-iwpt,3918418909d58ca8b2d726a8102310011d41936d,pip,pass,623,162161,1,8,21,116,8,31
python,https://github.com/elydre/stats,259b9126d62805b5609d04e3d685fd5da7b41691,pip,pass,624,162393,1,12,19,112,8,31
python,https://github.com/InfluxCommunity/quix-saving-holidays,1210c203ac48072ebea9a72227c5b8448be70085,pip,pass,632,162305,5,63,157,944,8,31
python,https://github.com/S4G0/project_mlds,4a71a57e0d55d3e0d185764f9ef1aa79071c88e6,pip,pass,631,162655,3,95,153,379,8,31
python,https://github.com/tdgrant1/denss,8ffb98f818a8e9a5955a0f0a5ccb5b91967e401a,pip,pass,651,168702,1,1,16,120,8,31
python,https://github.com/chroma-core/chroma,92643460c5211d2aa250882f443e4e9de73f6f1b,pip,pass,739,182507,3,92,75,494,8,31
python,https://github.com/shadowrezi/just-userbot,667988806898dd3c0c3f24d04a01787227937474,pip,pass,643,162646,1,91,49,192,8,31
python,https://github.com/cwindolf/dartsort,3493143b1ee7b4e93bb3791939b05b4285f924e1,pip,pass,837,228230,1,43,44,338,8,31
python,https://github.com/Supermaxman/gpt-gleam,dab7a834fca2855c082a009dbf4f60917a29f5ed,pip,pass,633,162816,1,32,31,164,8,31
python,https://github.com/BCStudentSoftwareDevTeam/lsf,0ecfa6240991895ae7995435a59a2d6a6ff2830d,pip,pass,709,168757,1,80,32,149,8,31
python,https://github.com/ecosystem2/FastSvelte3Pback,85573b074e49a804c2d20e2e8f8029ebaeb3187c,pip,pass,630,162605,1,64,33,174,8,31
python,https://github.com/trubyroid/diabetes_bot,c6a891d0cd685ae254af4bb90506e34c91132245,pip,pass,630,162446,1,7,17,111,8,31
python,https://github.com/ivapylibs/Surveillance,304aa05b95dd9676b69f90c952f77ed09a14cb1f,pip,pass,695,168495,1,55,41,267,8,31
python,https://github.com/migueldecampos/license_plate_detection,9bad4b2c4072a62af5c6e99c098120a866c4490f,pip,pass,624,162323,1,39,67,283,8,31
python,https://github.com/Ruairi-osul/calcium-clear,34b5bd167ced1fc3242815bf1da3322ffb4b69af,pip,pass,649,163049,1,116,66,718,8,31
python,https://github.com/joseph-nagel/vae-intro,3d5848436517dca19597904add326af23b2384d1,pip,pass,637,162871,1,174,113,853,8,31
python,https://github.com/oxcamne/oxcam,5bcaca2e224145b0fd9703c838e5aa695ae28f30,pip,pass,636,165381,1,10,18,117,8,31
python,https://github.com/yaleman/TA-pushover,3c4dcb86c683cc80bf0022c5bfdb6b231b5093bf,pip,pass,626,162572,1,14,18,110,8,31
python,https://github.com/daffarafi/shopping-list,ad0cccdc1879129513ae7a93691675a27327b0ae,pip,pass,635,162226,1,17,27,125,8,31
python,https://github.com/Animoses777/alx-backend-user-data,548256619bb682db7a3c846e012851db0baefc55,pip,pass,648,163218,2,18,28,216,8,31
python,https://github.com/appseed-projects3/05967b6f-7ca3-4939-b179-42a45e2ace17,ff3577e4755c1c87400f6d7181a1621d86965084,pip,pass,658,162658,1,11,27,127,8,31
python,https://github.com/tjdharani/Custom-Ai-Agent,d4fdacb9e502dc6a06fb918e46c7096339da2b51,pip,pass,623,162079,1,80,46,243,8,31
python,https://github.com/MichaelSuarez22/derb,a876981c070896be0310f1bf8d9f62baf7b9d2a3,pip,pass,2278,471301,1,12,44,146,8,31
python,https://github.com/Spico197/azure-openai,6d2a7e7be01cfd90ffd65ca86f995c45c2088384,pip,pass,623,162079,1,16,19,116,8,31
python,https://github.com/leeebo/u3606b_py,60d013eb7761a3fa8d8f68e17ce41dfbab926840,pip,pass,623,162218,1,2,16,113,8,31
python,https://github.com/v-ly/osu-cs361-microservice,496de434d2b41ea7c6b0435b69cb8726e99c76ed,pip,pass,626,162207,1,6,17,109,8,31
python,https://github.com/Kingzbrian/alx-higher_level_programming,e4b070db43c3bae3e7244380c5a81175c1c3a68a,pip,pass,929,165204,2,7,25,207,8,31
python,https://github.com/justinchiu/spdod,5e87c603ac3568ebb1db65399bf171d1fd898648,pip,pass,625,162284,1,103,49,296,8,31
python,https://github.com/CS3219-AY2324S1/ay2324s1-assignment-6-g57,52fdaa1c216194b7cdebd836a258a799036cccce,pip,pass,624,162154,1,22,21,114,8,31
python,https://github.com/Admirepowered/skland-checkin,ad3c0c2fe92468406c2d2361d9664a074a713d07,pip,pass,628,162390,1,6,17,110,8,31
python,https://github.com/Erickbci/Python---Microsoft,d2ab27ddf9ff0aed1a01dd87759844edca12b88f,pip,pass,630,162082,2,2,22,205,8,31
python,https://github.com/terminal-labs/htmx_demos,1b6737b9bc45270d3fe85990f61f793095ef9ae5,pip,pass,631,162150,1,4,23,120,8,31
python,https://github.com/Ninjarosey/beifen,c52607b9840f994b356ac35b41c47a12e3d5babf,pip,pass,812,179516,1,107,149,221,8,31
python,https://github.com/viswajith001/new_task,d34c026366aa9194e6513497d53b16f437d125de,pip,pass,655,162829,1,6,26,127,8,31
python,https://github.com/1303148295/devilzou_pandora_CLOUD,4bd69cc7409b135a1d4fe73f6112de539c2a4472,pip,pass,623,162039,1,31,22,118,8,31
python,https://github.com/yunochi/misskey-instance-purge,5b7e14be083566c016320a0feb0f227f01fd9299,pip,pass,624,162149,1,6,17,108,8,31
python,https://github.com/chelosky/wsp_stickers,87d37ec85cf0c85b2666d4d34de364b0601537cc,pip,pass,623,162132,1,4,18,110,8,31
python,https://github.com/BarashekShaun/compendium,e31d6c84cd72da107471cbf7e72e85dc85717831,pip,pass,637,162558,1,9,26,127,8,31
python,https://github.com/jamesx00/django-omise,a9e1ea9d4fa5697b637198bea887867b00d15efc,pip,pass,675,166430,1,12,16,112,8,31
python,https://github.com/chuyeee/forNHN,0a5bd8a9109ace4a1e0fac5f7ddc3ac1f155887a,pip,pass,623,162037,1,7,17,112,8,31
python,https://github.com/hakobya4/recipe-app,a4c02941d7de30dc69a7c6a446fec8c8637dcc1b,pip,pass,637,162363,1,5,39,185,8,31
python,https://github.com/lucassalzotto-dat/efi_py_dev,2bb54625a4f47fb036ef70bc45b9eda0890b90e5,pip,pass,1573,478728,1,15,26,154,8,31
python,https://github.com/amitraikkr/aws-serverless-chatbot-backend,c6b98760e8d162f33890f9de1c98c81ca2c025f6,pip,pass,1279,285225,3,35,55,549,8,31
python,https://github.com/oushinco/llava-gradiowebserver,5d12d970ca5ae93869bc0ff8bff53c1660e37fb5,pip,pass,692,169654,1,88,94,1042,8,31
python,https://github.com/haeter525/codeql_test,ddcecc9f8776caa26817a40f0b47d00295a4e888,pip,pass,642,163467,2,115,171,303,8,31
python,https://github.com/dumpl1n/jigsaw,b9a29bd0ec3fd7882cd3beda0ec647ce26aa46dc,pip,pass,1231,326594,1,5,22,110,8,31
python,https://github.com/ephess-uni/exercise-set-4-yelchurivasanth,e57191a8d3b47feae96c7254092db0c476491376,pip,pass,632,162253,1,10,19,110,8,31
python,https://github.com/ansible-collections/netapp.ontap,0b6323aa3936a68ad049d39b3a93e9b09b6105b4,pip,pass,986,255086,3,32,37,345,8,31
python,https://github.com/chaz-cox/Best_Price_Search,3fb718418047724720df0c8bd78ccf3648db99f2,pip,pass,632,162941,1,6,22,122,8,31
python,https://github.com/R0ma111kaaa/pygamePlatformer,f6ef755b439b03c1e7538f8aa032056e03f4b59b,pip,pass,629,162523,1,2,18,112,8,31
python,https://github.com/thispl/rimspro,6598672bb011b7f4d657e00fc78d6706d836430e,pip,pass,660,162187,1,1,18,110,8,31
python,https://github.com/Fattehali/CloudOps_Module4_Class9_Repo3_Python_ContinuousDelivery,2e16d00451cdda4411f6dcb8dcabec6c1c59935f,pip,pass,645,162460,1,34,24,122,8,31
python,https://github.com/holtzmanjon/tools,dcc45c0f27c008ee79d8576aecd9be0d6750f318,pip,pass,631,162909,2,74,39,200,8,31
python,https://github.com/kirianguiller/SUD_all_treebanks_utilities,54f6959fd791cf4f8410c75bea8f264f5868253b,pip,pass,624,162076,1,1,16,106,8,31
python,https://github.com/Harsh2001007/seleniumFrameWork2,c1fa92d3aec35619a2db566d66fe006188cb0a3e,pip,pass,678,167248,1,27,22,121,8,31
python,https://github.com/cwooni/chatgpt_ocr,ef7947e77b2468dec026455cb46e23d8646f42cf,pip,pass,623,162073,1,117,92,385,8,31
python,https://github.com/mfpx/python-http-server,570bdf35f66b8e61d254b8ddbb31d257c47f6807,pip,pass,631,162684,1,17,23,118,8,31
python,https://github.com/RE-STED/RE-STED-front,78ffb54da4ca47523137879130c2b979f752eecc,pip,pass,659,165437,1,59,81,364,8,31
python,https://github.com/JorgeAlfonsoLDiaz/api_evaluation_JALD_backend,3aa278d4f7fda6439334cf92b563ae713acc2370,pip,pass,623,162093,1,16,20,117,8,31
python,https://github.com/AmitMenashe-il/visit-count-app_redis,8a8f3a8f9c19789d71ca76aeef103319dfb9a5b5,pip,pass,623,162041,1,9,17,112,8,31
python,https://github.com/jamaica-valdez/streamlitj,28f9d69e43f1d2aadc51fb36e0507aa6952016d0,pip,pass,624,162105,2,49,61,349,8,31
python,https://github.com/Nghia03bl/emotion,6dbe90e9667ebdbbd5859d21b87b0fae2fea99a5,pip,pass,623,162046,1,50,41,225,8,31
python,https://github.com/jcardona321/CS643-WINEAPP,4e9d1c51e8ca9eadac53608ec1a6529c146a9721,pip,pass,624,162128,1,14,36,204,8,31
python,https://github.com/ahmedabnaby/ekseer-backend-v2,0c0659539896c689e40aaff6176d76c95c466137,pip,pass,636,162387,1,43,36,145,8,31
python,https://github.com/tanvoontao/FaceRecognitionAttendanceSystemWithLivenessDetection,744c6ce5128d350f3fe8bdcfd5cb1d9bf2dee51f,pip,pass,625,163108,1,52,92,380,8,31
python,https://github.com/kennethprose/Foptimum,2283475801ecf912adb57ea76eb7727588985c94,pip,pass,623,162090,1,1,18,108,8,31
python,https://github.com/jcf1/Loop-Finder-Py,758a504440dfbde2cfc4f33aa61c400311065e3f,pip,pass,623,162264,1,19,30,138,8,31
python,https://github.com/sevketcaba/uglylogger,7cbbca093ef8179dc57591143b849779d6c37f30,pip,pass,625,162846,1,1,16,108,8,31
python,https://github.com/melisse93220/projet-da,4917556194e01eec458f2506358c9544942622c8,pip,pass,623,162323,1,50,82,438,8,31
python,https://github.com/andrearosasco/owl-gui,f9d1995cd4af77bf60cf7c1d7693d316e4a0b376,pip,pass,642,163588,1,1,16,113,8,31
python,https://github.com/MariaSvintsova/CourseWork_DataBase,a50afea90daafd6a59601edae4cf2e595b785b21,pip,pass,626,162162,1,6,18,110,8,31
python,https://github.com/Dahlia-Dry/TEGnology-inventory,6001c28e6429402ec1adfccd68160b33a65baaf7,pip,pass,658,163952,1,18,66,187,8,31
python,https://github.com/caretdev/testcontainers-iris-python,59502f4c2f45eacaa1f4175c771c339c5367daa0,pip,pass,626,162126,1,19,23,130,8,31
python,https://github.com/eduardonba1/testv100,86f588c2a0ce9ff5dfec59c0949534222489c199,pip,pass,624,162094,1,71,88,253,8,31
python,https://github.com/Chinyere-nwalie/aws-bootcamp-cruddur-2023,c34cc02c22880de3a70089709809f86e1d6f4146,pip,pass,653,163450,1,51,27,129,8,31
python,https://github.com/JOELJUMA/hotel-palace,95f42a027154f0a7afa7adc6d51d6a7e7ba75d0e,pip,pass,639,162467,1,14,26,127,8,31
python,https://github.com/Lukasz180/WizualizacjaDanych,c661880afdb43199da5428627392c62316b0da93,pip,pass,623,162133,1,49,72,320,8,31
python,https://github.com/BenIlies/nopasaran-endpoint,9ff120c8e32e602e414c687a92288b2331baf627,pip,pass,626,162489,1,25,20,115,8,31
python,https://github.com/bdh777psu/tourbus,5d5d09baa9c2f3b8320c794ce85017197dd45170,pip,pass,623,162194,1,37,44,135,8,31
python,https://github.com/EBISPOT/gwas-sumstats-harmoniser,a2a2f47c1daae86160f8c93704a7a0a068b738e5,pip,pass,640,163610,1,55,39,137,8,31
python,https://github.com/WoodratTradeCo/crop-rows-detection,a74eecfb2c3bd1061e5ba5cb2744d1496ffa697c,pip,pass,642,166271,1,66,89,615,8,31
python,https://github.com/Yankk771/HWW,ec3093ea0fe691c97b43033447986bb14d077309,pip,pass,628,162298,1,1,16,107,8,31
python,https://github.com/readthedocs/sphinx-hoverxref,8956ecc900198c8eaa8feae50deb9341e5dbe28e,pip,pass,638,162948,2,62,50,268,8,31
python,https://github.com/Denidzio/data-engineering-2,01e402c49c8352152b5aca628b9691e7959e670a,pip,pass,624,162089,1,5,16,108,8,31
python,https://github.com/EsenbekM/33-3,5b30d7a23fc299f13e3ab8e88e53a95a345a02b8,pip,pass,643,162578,1,16,27,127,8,31
python,https://github.com/yvendee/emailscrapper2,ed37bb988c0b895e4813e3454f0fc5430bc5b2dd,pip,pass,623,162126,1,23,19,112,8,31
python,https://github.com/DHI/mikeio1d,e5dce27875c6229ebdb4456d4fe4df7f24ea78f5,pip,pass,691,166027,1,11,38,165,8,31
python,https://github.com/NaturalHistoryMuseum/ckanext-video,9aa4ab4627128b6a17ab0d3320e3487c82cc3eac,pip,pass,631,162209,2,38,54,167,8,31
python,https://github.com/skyc5423/kamc,1b54b1e7c7074edbf408393a1b7d939a2e89089a,pip,pass,629,162295,1,35,69,283,8,31
python,https://github.com/szufix/mapel,cc563385f35e9dc00ef9f5e1514f6978b7378649,pip,pass,760,178038,6,26,141,941,8,31
python,https://github.com/Nautilus1993/3F-Bee-Vision,cef38c7a47ce0b7ffcb3136171344705fba21ed4,pip,pass,629,162219,2,67,101,337,8,31
python,https://github.com/servo/highfive,5a786b99133a476f22ba56107a3f735c7ad990e3,pip,pass,638,163004,1,4,17,109,8,31
python,https://github.com/resgjk/BotGoshan,e616d7865c8fd8a8aa46ebda20f3629e34d74a66,pip,pass,646,162445,1,20,20,117,8,31
python,https://github.com/ansible/ansible-lint,6ca751aa49a32d0c029359779627962d4bf61b38,pip,pass,155,16746,1,43,56,216,8,31
python,https://github.com/cpacker/MemGPT,0ca014948b8360a9d6a1e05e0714f2e7e28ae199,pip,pass,699,169465,2,204,56,166,8,31
python,https://github.com/Star-Bots-Tamil/Live-Broadcast-Bot,f1ee7033762ee082ad83639b6dc61bd8d90b87cd,pip,pass,624,162196,1,5,18,113,8,31
python,https://github.com/stkang9409/python_module_with_autocompletion,e3026287bf696c336e33fe6411cdb822782dab88,pip,pass,624,162060,1,1,16,108,8,31
python,https://github.com/yapkhaichuen/Daily-Covid-Report,c0991bbee54ffb834a63a2864d3d1833dc2c1623,pip,pass,624,162101,1,16,35,160,8,31
python,https://github.com/sfog17/sandbox-gh-actions,1dbac204ee9d00b8a8cb74780375cac6cbc55302,pip,pass,623,162044,1,5,17,107,8,31
python,https://github.com/glassruler/dashboard-zone2000,4f7aa20af292ac20cff4f3935f94316047aca7a6,pip,pass,624,162185,1,59,78,338,8,31
python,https://github.com/suzcode/defer-app-repo,4b0874908d7722dac38eddee88f33ec76c0b53c0,pip,pass,624,162164,1,56,26,127,8,31
python,https://github.com/eognianov/kitchen-helper-backend,a0aa3b590a1e55e810fcbfc5db4b651e7857ca92,pip,pass,673,164250,1,45,25,140,8,31
python,https://github.com/PheonixDeathNote/Hinata,8fe572475f784115bbf05e8758eb82511de1a7b6,pip,pass,629,162544,1,27,31,132,8,31
python,https://github.com/wittymonkey/rss-feeds,f0933740d9de4421495a838e7ff6731a13eb6537,pip,pass,628,162210,1,15,18,110,8,31
python,https://github.com/chei0515/mblog0927,688b8b0a86c81ba103134efdc4b7eda877afd61d,pip,pass,644,162435,1,8,27,125,8,31
python,https://github.com/alisharify7/Food-Ordering-App,a1de67453e4586a7dd30fd315f0355b064d15455,pip,pass,678,165782,1,83,38,187,8,31
python,https://github.com/LoicGrobol/neural-networks,22894a81273037f38ae8422b9d740c680f94d4fb,pip,pass,625,167064,1,152,114,306,8,31
python,https://github.com/qrkks/Trading-Web,32598956e7f472d61a20d1bcd6c8a7e2de604256,pip,pass,728,164822,1,91,45,165,8,31
python,https://github.com/Py-AMS/pyams-portal,c95ea99583059444b2071d2c87fd1ccb4edf68de,pip,pass,677,166340,1,108,38,163,8,31
python,https://github.com/johnny-sky91/COMPanion,925116e21d43de97ea317f408efa97e14bcf2e0f,pip,pass,630,163216,1,26,30,176,8,31
python,https://github.com/prototyp3-dev/zk-barretenberg-verifier,d2196446aaa221c260656892014bff861bbfbdca,pip,pass,624,162184,1,5,17,107,8,31
python,https://github.com/JK9913/Oppgave_Helse_Nord,b073ad0119962ef3812286760731b17e86955a56,pip,pass,1066,302625,1,14,21,112,8,31
python,https://github.com/erikrodin/ctrl_py_een150,d38f8692f5a3b64956db803e8e623e29be28bc92,pip,pass,653,164520,2,1,24,206,8,31
python,https://github.com/Cuttlas90/readATelegramChannel,a13242ff64c9f69af371eb49f798205c16173d1e,pip,pass,625,162122,1,10,18,117,8,31
python,https://github.com/alexelax/OptiFlow,55381a3fbc74a0f14b0407d4eae357fbbfbd827e,pip,pass,663,164578,3,116,193,772,8,31
python,https://github.com/ElectronicBabylonianLiterature/ebl-ai-api,aa6d80e42251b1737abfed4c0bd9642469ff1b25,pip,pass,630,162672,1,80,80,294,8,31
python,https://github.com/camacesco/thym-mat-project,d0a12167579bc211ce9e735758187e1c5e811a2d,pip,pass,637,164206,1,21,38,207,8,31
python,https://github.com/collinpfeifer/bird-call-identification-model,32c01ddbbf7b93318d25a1ec1f6577008baa3877,pip,pass,623,162159,1,81,82,363,8,31
python,https://github.com/utopia-foss/utopya,c5c96b96341e3388f2e22ae928fcab5e9fb31078,pip,pass,746,181625,1,57,52,381,8,31
python,https://github.com/jconn0/booklibrary,01c71aaa1c64851e4b434ec33dec20e5334910d3,pip,pass,637,162846,1,9,30,132,8,31
python,https://github.com/openstack/oslo.rootwrap,cd5977a906d8e1a2b83608285a94ebb7b9ad1895,pip,pass,639,163834,2,29,33,224,8,31
python,https://github.com/wwwhhhiii/delta-service,ce0c00cd4f3d67df68bad39e52543c6677bafb69,pip,pass,636,162476,1,27,30,187,8,31
python,https://github.com/YongsHub/Bard-ChatBot,c658cf7700fa581367390acccca2fb140e1ccd12,pip,pass,625,162081,1,48,25,127,8,31
python,https://github.com/thiesac/restaurant-orders,99576fb3b54b7884e14c0350c4fc23d448fbfdb0,pip,pass,631,162318,1,10,19,116,8,31
python,https://github.com/TommyR2/SWS_Scraping,f88bb9c96cedeacef10278d1e9108ccd2340ed93,pip,pass,625,162236,1,19,29,154,8,31
python,https://github.com/ruicerqueira231/system-integration-tp1,61c6ed9d51bbcb5504017de6eec696e86519cb6d,pip,pass,634,162268,1,4,20,106,8,31
python,https://github.com/atomsiwawut1/BIM,7a8ba6990c763a685b00356686cc5f75df04b92b,pip,pass,632,164644,1,214,137,184,8,31
python,https://github.com/Anonshack/Django-registration-and-login-system-master,ea6d64d67f2c664d6ffaed176d8da17a56d79c1e,pip,pass,2428,437346,1,22,45,162,8,31
python,https://github.com/egk696/SimpleSMTScheduler,da718dcffb8498243fb841b099ffb37185fcdd49,pip,pass,627,162582,1,13,24,134,8,31
python,https://github.com/nerc-project/coldfront-plugin-api,f0bfbd9d5e6707eb8bb7297b782502012d2b1266,pip,pass,636,162645,1,47,46,155,8,31
python,https://github.com/Krishnaa-tech/Full-stack-web-development,a170b5546044cd9abe2272a4c2a7a8188adb2fcf,pip,pass,634,162229,1,8,30,125,8,31
python,https://github.com/Akshaya15556/codealpha-task1-cryptocurrency-trabebot-2,5a688040464d7c4e218ad541e6d39328832eec6a,pip,pass,644,163163,1,63,28,138,8,31
python,https://github.com/barkure/Get-CSU-Pic-v2,1472f5c962c1b955d25c9ebf481af80720406f22,pip,pass,630,162200,1,22,28,153,8,31
python,https://github.com/S-Filip/mario-ml,cbe9895997a150581a0f903648a42c0eb4de34b7,pip,pass,628,162188,1,56,82,303,8,31
python,https://github.com/godofthunder01/FzBypassBot,cb2cdab4fbcd0de80353eff7b53eda856cf5d334,pip,pass,633,163187,1,37,29,137,8,31
python,https://github.com/jshwi/templatest,9232bea0834ebe8dd344c6a699e6cee99c379265,pip,pass,635,162639,2,55,49,160,8,31
python,https://github.com/xu2xulim/streamlit-public,9fbf1e8be31259aa1687d44ec40713f76dd5a837,pip,pass,623,162101,1,51,36,181,8,31
python,https://github.com/bwnyasse/learning-box,e93f18b62011dfb14e93b063a4d85afe02fb8e1f,pip,pass,653,162604,3,119,76,469,8,31
python,https://github.com/VolshVs/Accounting_program,de452c45e7717822e3827098b32b2a84850662b8,pip,pass,626,162058,1,10,19,112,8,31
python,https://github.com/arynyklas/telegram_bot_logger,b93a9e533807ef9b646f6a341ebb4b38ca48ec08,pip,pass,629,162481,1,10,18,114,8,31
python,https://github.com/rwth-i6/i6_core,11fb91b5c45e6092461872c57115e23dd956a8ce,pip,pass,775,183038,2,27,44,366,8,31
python,https://github.com/farhans29/p2p-ftp-python,ffc6ed8d096085075f2cb419f022c2697734f903,pip,pass,623,162069,1,17,18,119,8,31
python,https://github.com/chilohwei/chilohwei,2ce25e7ee420909bfa0963189fe96d87965efca4,pip,pass,623,162075,1,15,19,112,8,31
python,https://github.com/natangaia/gaiahub-docus,51debdc1e39317f2e4171a1f60210ab18c715abf,pip,pass,624,162055,2,23,33,232,8,31
python,https://github.com/UnbrkUnchn/QA-SeleniumProject,c6ee901910a6503af20bad913e4855164e5c3682,pip,pass,630,162355,1,25,22,121,8,31
python,https://github.com/ESSS/qmxgraph,05efcce8924aa92d4cfbeb876205bb984fdbeba8,pip,pass,655,166196,2,24,31,236,8,31
python,https://github.com/sxxxp/discordbot_old,9d0e2af469d1003140943be8286944d3078867a6,pip,pass,623,162252,1,24,22,121,8,31
python,https://github.com/manuml1312/demo-honda,e576d239836c72eb82df6dcd9435f3bf49f31eef,pip,pass,629,162248,1,46,35,184,8,31
python,https://github.com/jsfgit/chatgpt-on-wechat,5cd341aafe97b103d55b33840a228ec1cb81aa3e,pip,pass,736,173015,1,36,22,128,8,31
python,https://github.com/Haoke98/icloud-killer,776fe1524607ff5c4998b5b861669d6e67cc5a35,pip,pass,629,162376,1,21,19,113,8,31
python,https://github.com/masakingko/open_ai_bot_002,82ee9eebf5cb8e7fa998d05e331229338bb62bc4,pip,pass,623,162101,1,58,36,191,8,31
python,https://github.com/Randamonium-Internal/EMS,fc39b111c38d7ee66b0719c4e2571c8ef3d1c62c,pip,pass,635,162158,1,5,26,123,8,31
python,https://github.com/jakeogh/timetool,01677272fcbe9a5cdda693b87a91de90c42851df,pip,pass,626,162439,1,13,20,142,8,31
python,https://github.com/louis-philippe-ivadolabs/retaIL,15e6969d0e97ee3f5f7e2e70417afa1b2563fa31,pip,pass,651,163401,1,18,184,175,8,31
python,https://github.com/KelvinRojasTecsup/DAEA-EXAMEN2,4d96d0c6270f6c02387849ea585d7389869ac33d,pip,pass,623,162075,1,18,29,151,8,31
python,https://github.com/VarshithRV/rpi_vtx_system,54fb31403e30290b7805989a937d20c8febab5a6,pip,pass,629,162174,1,1,18,108,8,31
python,https://github.com/lab992/Generate_explanations_for_classification_by_ChatGPT,99f9db3ff28cdd576171bb06e2ae124feaca6765,pip,pass,630,162559,1,57,53,243,8,31
python,https://github.com/MeghajAgrawal/SpotifyToYoutube,6a247f2ef4599e2d467f43fe7c612c2ffe5d558b,pip,pass,624,162107,1,43,32,144,8,31
python,https://github.com/keyestudio/KS4031-4032-4WD-Mecanum-Robot-Makecode-Tutorial,e26bb4e6e83250b20fe56bc91ababae253caeab4,pip,pass,623,162038,1,32,29,119,8,31
python,https://github.com/Amintases2/DjangoProject1,d91d98a4baff93ff0b3005bb7f08ab705cec8cf9,pip,pass,635,162266,1,9,27,125,8,31
python,https://github.com/Bryancampos20/Dagster-Meltano,d1fb1c68815d64e1bac4ded9fb2c841b54a25b89,pip,pass,625,162058,2,59,39,238,8,31
python,https://github.com/viktor123KZ/my_first_project_QA,0b647da907802bab3fb3ad102f49b659b37feab4,pip,pass,627,162134,1,26,21,119,8,31
python,https://github.com/lijunboy008/cloud-run-microservice-template-python,15bbc997eb3a52c5290a14d6be176ba13fc3ac42,pip,pass,629,162217,1,22,21,119,8,31
python,https://github.com/lime-green/WCL-dk-analysis,c687f2aeee6c611d801a4f4b5f3f1fa7263e25bf,pip,pass,634,165803,1,29,24,123,8,31
python,https://github.com/swatts7/screenscrape,8a9f58b8e6409285811a1191cf7cc29a2029eec8,pip,pass,623,162077,1,48,36,184,8,31
python,https://github.com/uol-mediaprocessing-2023-2024-classroom/project-incognito-face,abd086156aeeb186bf190a35da8bcd1e5db1e793,pip,pass,626,162779,1,27,35,141,8,31
python,https://github.com/VitRod/VitRod,dc404f575f7fff422d770e8a5e163820b8ecb762,pip,pass,624,162383,1,12,26,114,8,31
python,https://github.com/z3r0privacy/AdventOfCode2023,3f53f6b1575c7ab4c8f6b8cce82224b536956a2a,pip,pass,639,162790,1,18,25,118,8,31
python,https://github.com/Nedved942/LoveFitLife-Aplikacja-do-zapisywania-treningow,5e4567d451dc2cb1d8c60fd9e0994c2cb112455b,pip,pass,627,162289,1,17,20,128,8,31
python,https://github.com/MikkelBrixNielsen/AniTrack,94b24b45dc67ea0e1fa2d8d97c5dd996beee8a12,pip,pass,623,162703,1,16,30,130,8,31
python,https://github.com/edusantosgoncalves/ecos-2024,b76aaf90a2ed511e8f6cca1d68fe2405427edabe,pip,pass,642,162739,1,86,141,200,8,31
python,https://github.com/Codog808/Projects,601510bbfcf3e2b96b38b4e87e8197cda404e795,pip,pass,658,164580,1,5,20,111,8,31
python,https://github.com/ephess-uni/exercise-set-5-surya1291,62c28aa28d95ec5da844d0116832225cd1686062,pip,pass,635,162177,1,9,19,121,8,31
python,https://github.com/clairox/viventi-planner,3fdd443ae98c7ea8b6cbac685408d3e99812dc60,pip,pass,646,162941,1,19,27,127,8,31
python,https://github.com/APS-XSD-OPT-Group/Common-Libraries,43695e49dd40c0e6b37028c3fec8569751a3a807,pip,pass,673,168265,1,31,72,301,8,31
python,https://github.com/ai4popugai/image-captioning,8c50c95ab25f566870855678de9596b3ad57e79e,pip,pass,775,168891,1,12,133,527,8,31
python,https://github.com/JacksonSearles/MealPlanProject,3bbcc5413ba907fc397d17a2205396d8d68bca4d,pip,pass,624,162137,1,28,21,121,8,31
python,https://github.com/danpfister/advent-of-code-2023,4b69a99f3c12ee6618a6a077196f443a13a551f6,pip,pass,635,162597,1,6,19,121,8,31
python,https://github.com/AlexTraveylan/math_exerzizer,e5d80a1f8d698e2fb7f05c5f0edb1a6c07e20b17,pip,pass,637,162434,1,30,22,120,8,31
python,https://github.com/sahel-riaz/Harmonyfy,4a11999cd6f689b17effdd45e19b9530bd51c133,pip,pass,626,162614,1,76,91,328,8,31
python,https://github.com/mr-slavchev/ui_automation_examples,0c9a62df807d06db86cd6f65d02d8bb7ecf1f0d8,pip,pass,630,162203,1,25,26,121,8,31
python,https://github.com/ghrcdaac/metadata-extractor,e530426a48ec1040fa247bcc25d73c3cc83debd9,pip,pass,1020,187992,2,26,93,363,8,31
python,https://github.com/Treegital/microfarm.accounts,9c1545a060e7ab8199343821e5a6caf6d0b25acf,pip,pass,628,162610,1,8,19,113,8,31
python,https://github.com/home-assistant/intents,3446c0dda6fbd9954c631cad2522b3d3fe99fd20,pip,pass,645,164061,2,47,36,149,8,31
python,https://github.com/Star-Bots-Tamil/Advanced-Forward-Bot,30212d9cc7be06a95df6ee4d15bced78102552f1,pip,pass,632,162495,1,16,26,130,8,31
python,https://github.com/gantian127/bmi_era5,17e34da187b94e803287c45330d7e7ca4ca199e9,pip,pass,631,163389,1,34,29,162,8,31
python,https://github.com/rYauheni/LegalTrainer,536be566552762cfebf78f621070ab38030f465c,pip,pass,666,163999,1,21,33,148,8,31
python,https://github.com/SNFBADGE2/first_streamlit_app,56eb0311b8dd42a69239585209dc2f750aa250ba,pip,pass,623,162078,1,21,19,117,8,31
python,https://github.com/SeratKlemence/PornScraper,1ab12512a91e845ff41ee75ba951d56522f52759,pip,pass,623,162096,1,10,20,115,8,31
python,https://github.com/JLGOrtega/flaskaws,0d6a02d7e22bb73ed48489ce59b78a109fadcc3d,pip,pass,623,162112,1,30,55,234,8,31
python,https://github.com/Samuele95/IDSProject,3a4b060165b6da8df0f3a2dd19b19780e07b7b72,pip,pass,645,163768,2,1,22,211,8,31
python,https://github.com/absmartly/python3-sdk,83b4099fdcd0985ad82de88a9cfd6c536dd4fe9c,pip,pass,710,165800,1,7,18,111,8,31
python,https://github.com/in-hub/siineos-docs,cfc22390e50664c6ff7d9980111050b8986612b1,pip,pass,623,162088,1,23,23,117,8,31
python,https://github.com/dsparber/advent-of-code,29810052b12bb9697b7b2f6d38adbe6942fb7ce4,pip,pass,708,164647,1,6,18,115,8,31
python,https://github.com/nick-ras/Cloud-webapp,b33b39cd56b4db806ca9b994fc3eae3cb558cb65,pip,pass,637,162431,1,30,23,133,8,31
python,https://github.com/JSpeleers/AdventOfCode,428a8ea7124a11eed1395503e3ab55a46949f419,pip,pass,639,162920,1,18,22,117,8,31
python,https://github.com/hakemz91/NuWSL,0b0bf67fbb74540128201e0e8ff1a20bdeb7297e,pip,pass,632,162614,1,130,138,245,8,31
python,https://github.com/JSmith604/TeamManagementApp,d465cf4db3721b01b3a77f61ddf277f73aa603aa,pip,pass,635,162204,1,4,24,124,8,31
python,https://github.com/karin478/Tyres_App,c3f037df99990812c875a8c71c16248a6724972e,pip,pass,2066,443445,1,8,41,142,8,31
python,https://github.com/syayidalaziz10/anemia-disease,9e7a6bf6f5fc397e4d6cfcfa994228b046cd5086,pip,pass,625,162293,1,81,50,292,8,31
python,https://github.com/bihealth/clinvar-this,86c0fdcbce4f69ee875870513ec664845adca75e,pip,pass,672,172956,1,26,20,127,8,31
python,https://github.com/MilanOfc/space_pics,d05a6c697e51038303dabfa3cc2842ccc3f3f752,pip,pass,627,162111,1,6,18,112,8,31
python,https://github.com/koroteeww/gptalice-function,7ed9afe5e41232b3c6aae584f6edb6566c91daf0,pip,pass,632,163297,1,25,21,115,8,31
python,https://github.com/xplpc/xplpc,1c4fc0f0eb516dcad6c33b35b6bb4ca3fd0d95d6,pip,pass,676,166371,4,62,61,461,8,31
python,https://github.com/KoehnLab/gecco-export-translator,9c8755d33861d1ca34b08ee79e1f1fd7c704cff2,pip,pass,630,162529,1,1,18,110,8,31
python,https://github.com/karthidatascience/Web-Scrap-Esearch,b2783fd4f570bdcf5d43b638310ae0814193d757,pip,pass,623,162276,1,59,38,206,8,31
python,https://github.com/sebhanika/Skanetrafiken_Scrape,9f586366b33d4c5947a06b453302949c4e0e3b5b,pip,pass,623,162064,1,13,27,145,8,31
python,https://github.com/fernandoncidade/ManagerBackUp-PySide6,c303969dd4b4cabfd649849b7f24c7d067e701fd,pip,pass,623,162197,1,10,26,130,8,31
python,https://github.com/cxyfreedom/website-hot-hub,566b4a0e60a44d77b4a287e853de67863c25ea18,pip,pass,631,162901,1,5,18,112,8,31
python,https://github.com/metaodi/website-monitor,e9bb071ebb4f2b1d8148cc0ef59ebc0cab658907,pip,pass,629,162370,1,23,22,122,8,31
python,https://github.com/Dev1-dipanetech/dt_dfm_hr_integration,0b29c341d3fdc3287a276f9e4b7abef7d53bf61d,pip,pass,644,162569,1,1,17,112,8,31
python,https://github.com/domamaric/UUI,4392e29f147a4ca1ecdde898874c7ec054b7c10b,pip,pass,634,162859,1,2,19,117,8,31
python,https://github.com/tmq247/taxu2,dc77239ae4067ea065eafe9abc8d1121ba33f0e0,pip,pass,627,164157,1,15,26,128,8,31
python,https://github.com/mtga-King/TarkovDev,a7b030a2d9a12d8ba6a85a53b6737f5d2c3b77d9,pip,pass,623,162131,1,12,21,120,8,31
python,https://github.com/davejarrett21801031988/Cost-Calc,30b346e59efbebb724ebd88df54064fb68492a7d,pip,pass,626,162848,1,79,77,328,8,31
python,https://github.com/jmittendo/pixelart-palette-converter,79a6600902df485dcfcf691a8db4da4b605e930b,pip,pass,626,162347,1,6,23,127,8,31
python,https://github.com/PavoDive/udemyPython100daysOfCode,d4d2670bfe59cc826ead7a7ee7998c3b97b9034c,pip,pass,771,165846,6,22,56,638,8,31
python,https://github.com/Tosin-JD/exam_hall_system,97267f9c1b0a1f32dd51e23db5cd8600e218226b,pip,pass,643,162825,1,7,26,125,8,31
python,https://github.com/Xraydylan/Arducam-OV2640-Pico-Package,920b0dad90ea478258e28bd29f9d93d9963f7c77,pip,pass,628,163883,1,4,19,116,8,31
python,https://github.com/Antoncre/Finances,8b92e1c538ad8f6a63c89120a3d181ba8febf5ca,pip,pass,625,163278,1,1,16,109,8,31
python,https://github.com/medialab/minet,5688dd03b5cb5e8c556108adf4653c3f11d226bc,pip,pass,907,185265,1,115,52,210,8,31
python,https://github.com/pix3lize/mostats,1ab67dd680aeaf2d204226023efe19660cb229ca,pip,pass,624,162413,1,13,28,155,8,31
python,https://github.com/ZeitOnline/deployment-notify,8e4dc3a026e240b6ef620754afc233def0c6f720,pip,pass,636,162333,1,13,17,116,8,31
python,https://github.com/1chandan1/Notaire-ciclade,3ede0cab65904a547b684ddf03ea093aec4a7955,pip,pass,624,162504,1,49,31,138,8,31
python,https://github.com/CedricJouan/db2-wa-flask,d30e3237cd7010fd146b36a181ae372af2337a27,pip,pass,623,162165,1,22,32,154,8,31
python,https://github.com/GHTimi/bootcamp-functions,4406fff62931122366d957c84d2a9f67610de4b9,pip,pass,635,162668,3,75,46,252,8,31
python,https://github.com/PedjaT/adventofcode_2023,4669505e1eb939d250885db1f6a0d2a01e134ce0,pip,pass,637,162803,1,1,22,117,8,31
python,https://github.com/getsentry/snuba,2b2cdffcda32bb2db323bd1490e21a316a823c55,pip,pass,1451,268103,2,91,52,234,8,31
python,https://github.com/JakobDev/jdReplace,81f6673abc7e8247b39a89a0793556576a4e6d58,pip,pass,630,162407,1,3,23,120,8,31
python,https://github.com/Enailis/IA-Detection-Intrusion,31773d28fef7d44f1fd2cafa6be98f875476af0b,pip,pass,638,162989,3,26,51,423,8,31
python,https://github.com/jcjxjdjdds/sinzer,2c379a622f6beb4e2414ac18be01c466ee9e7d4f,pip,pass,760,177022,1,60,42,193,8,31
python,https://github.com/btxuyenhcmus/EmulatorBot,5805526b45109a039c6f7547142d4babadd5738c,pip,pass,633,162495,1,26,24,134,8,31
python,https://github.com/Rohan-Dah/CV_Cartoonize_new,41c4cb13807276c623c766c158554d44bf388951,pip,pass,623,162180,1,47,50,213,8,31
python,https://github.com/indictranstech/rushabhinstruments_V13,1829e18ddad14062dcd67d79d1e5f69a55f14e23,pip,pass,754,176524,1,1,19,126,8,31
python,https://github.com/twardoch/vid2captionsai,25b92739c4c6888ee2adf90a074b098b6f240a5d,pip,pass,626,162221,1,11,18,112,8,31
python,https://github.com/francisellington29/captcha_gxp,92837074b386dde6d325f8998d06d52db95f4767,pip,pass,624,162145,1,18,19,117,8,31
